<PublicationDelivery xmlns:xsd="http://www.w3.org/2001/XMLSchema" xmlns:xsi="http://www.w3.org/2001/XMLSchema-instance" version="30.0" xmlns="http://www.netex.org.uk/netex" >
    <PublicationTimestamp>2018-12-20T10:09:12.0Z</PublicationTimestamp>
    <ParticipantRef>nvt</ParticipantRef>
    <dataObjects>
        <CompositeFrame>
            <frames>
                <ResourceFrame>
                    <versions>
                        <Version>
                            <StartDate>2019-01-01T00:00:00.0Z</StartDate>
                            <EndDate>2019-12-31T00:00:00.0Z</EndDate>
                        </Version>
                    </versions>
                </ResourceFrame>
                <ServiceFrame>
                    <Network id="nw:1">
                        <groupsOfLines>
                            <GroupOfLines>
                                <members>
                                    <LineRef ref="syn:Line-B42" />
                                    <LineRef ref="syn:Line-T42" />
                                </members>
                            </GroupOfLines>
                        </groupsOfLines>
                    </Network>
                    <lines>
                        <Line id="syn:Line-B42" >
                            <KeyList>
                                <KeyValue>
                                    <Key>KV1PlanningLijnNummer</Key>
                                    <Value>B42</Value>
                                </KeyValue>
                            </KeyList>
                        </Line>
                        <Line id="syn:Line-T42" >
                            <KeyList>
                                <KeyValue>
                                    <Key>KV1PlanningLijnNummer</Key>
                                    <Value>T42</Value>
                                </KeyValue>
                            </KeyList>
                        </Line>
                    </lines>
                    <scheduledStopPoints>
                        <ScheduledStopPoint id="syn:sp:1" >
                            <projections>
                                <PointProjection>
                                    <ProjectedPointRef ref="sp:1"/>
                                </PointProjection>
                                <PointProjection>
                                    <ProjectedPointRef ref="sp:2"/>
                                </PointProjection>
                            </projections>
                        </ScheduledStopPoint>
                        <ScheduledStopPoint id="syn:sp:2" >
                            <projections>
                                <PointProjection>
                                    <ProjectedPointRef ref="sp:3"/>
                                </PointProjection>
                            </projections>
                        </ScheduledStopPoint>
                        <ScheduledStopPoint id="syn:sp:3" >
                            <projections>
                                <PointProjection>
                                    <ProjectedPointRef ref="sp:4"/>
                                </PointProjection>
                                <PointProjection>
                                    <ProjectedPointRef ref="sp:5"/>
                                </PointProjection>
                            </projections>
                        </ScheduledStopPoint>
                        <ScheduledStopPoint id="syn:sp:4" >
                            <projections>
                                <PointProjection>
                                    <ProjectedPointRef ref="sp:6"/>
                                </PointProjection>
                                <PointProjection>
                                    <ProjectedPointRef ref="sp:7"/>
                                </PointProjection>
                            </projections>
                        </ScheduledStopPoint>
                        <ScheduledStopPoint id="syn:sp:5" >
                            <projections>
                                <PointProjection>
                                    <ProjectedPointRef ref="sp:8"/>
                                </PointProjection>
                                <PointProjection>
                                    <ProjectedPointRef ref="sp:9"/>
                                </PointProjection>
                            </projections>
                        </ScheduledStopPoint>
                    </scheduledStopPoints>
                </ServiceFrame>
                <FareFrame>
                    <KeyList>
                        <KeyValue>
                            <Key>RoundingWrtCurrencyRule</Key>
                            <Value>0.01</Value>
                        </KeyValue>
                        <KeyValue>
                            <Key>CappingWrtCurrencyRule</Key>
                            <Value>100</Value>
                        </KeyValue>
                        <KeyValue>
                            <Key>EntranceRateWrtCurrency</Key>
                            <Value>0.90</Value>
                        </KeyValue>
                    </KeyList>
                    <FrameDefaults>
                        <DefaultCurrency>EUR</DefaultCurrency>
                    </FrameDefaults>
                    <fareStructures>
                        <FareStructure>
                            <KeyList>
                                <KeyValue>
                                    <Key>FareStructureType</Key>
                                    <Value>UnitPrice</Value>
                                </KeyValue>
                            </KeyList>
                            <geographicalIntervals>
                                <GeographicalInterval>
                                    <prices>
                                        <GeographicalIntervalPrice>
                                            <Amount>1.500</Amount>
                                            <Units>0.01</Units>
                                        </GeographicalIntervalPrice>
                                    </prices>
                                </GeographicalInterval>
                            </geographicalIntervals>
                        </FareStructure>
                    </fareStructures>
                </FareFrame>
                <FareFrame>
                    <KeyList>
                        <KeyValue>
                            <Key>RoundingWrtCurrencyRule</Key>
                            <Value>0.01</Value>
                        </KeyValue>
                        <KeyValue>
                            <Key>CappingWrtCurrencyRule</Key>
                            <Value>100</Value>
                        </KeyValue>
                        <KeyValue>
                            <Key>EntranceRateWrtCurrency</Key>
                            <Value>0.90</Value>
                        </KeyValue>
                    </KeyList>
                    <FrameDefaults>
                        <DefaultCurrency>EUR</DefaultCurrency>
                    </FrameDefaults>
                    <contentValidityConditions>
                        <ValidityTrigger>
                            <ConditionedObjectRef ref="fs:1" nameOfRefClass="FareStructure" />
                            <TriggerObjectRef ref="nw:1" nameOfRefClass="Network" />
                            <WithConditionRef ref="vt:1" nameOfRefClass="ValidityTrigger" />
                        </ValidityTrigger>
                        <ValidityTrigger id="vt:1">
                            <ConditionedObjectRef ref="fs:1" nameOfRefClass="FareStructure" />
                            <TriggerObjectRef ref="syn:Line-B42" nameOfRefClass="Line" />
                        </ValidityTrigger>
                    </contentValidityConditions>
                    <fareStructures>
                        <FareStructure id="fs:1">
                            <KeyList>
                                <KeyValue>
                                    <Key>FareStructureType</Key>
                                    <Value>DistanceMatrix</Value>
                                </KeyValue>
                                <KeyValue>
                                    <Key>DistanceMatrixType</Key>
                                    <Value>AsymmetricalMatrix</Value>
                                </KeyValue>
                            </KeyList>
                            <distanceMatrixElements>
                                <DistanceMatrixElement id="mat:1" >
                                    <Distance>0</Distance>
                                    <StartStopPointRef ref="syn:sp:1" />
                                    <EndStopPointRef ref="syn:sp:1" />
                                </DistanceMatrixElement>
                                <DistanceMatrixElement id="mat:2" >
                                    <Distance>15</Distance>
                                    <StartStopPointRef ref="syn:sp:1" />
                                    <EndStopPointRef ref="syn:sp:2" />
                                </DistanceMatrixElement>
                                <DistanceMatrixElement id="mat:3" >
                                    <Distance>32</Distance>
                                    <StartStopPointRef ref="syn:sp:1" />
                                    <EndStopPointRef ref="syn:sp:3" />
                                </DistanceMatrixElement>
                                <DistanceMatrixElement id="mat:4" >
                                    <Distance>17</Distance>
                                    <StartStopPointRef ref="syn:sp:2" />
                                    <EndStopPointRef ref="syn:sp:3" />
                                </DistanceMatrixElement>
                                <DistanceMatrixElement id="mat:5" >
                                    <Distance>40</Distance>
                                    <StartStopPointRef ref="syn:sp:1" />
                                    <EndStopPointRef ref="syn:sp:4" />
                                </DistanceMatrixElement>
                                <DistanceMatrixElement id="mat:6" >
                                    <Distance>25</Distance>
                                    <StartStopPointRef ref="syn:sp:2" />
                                    <EndStopPointRef ref="syn:sp:4" />
                                </DistanceMatrixElement>
                            </distanceMatrixElements>
                        </FareStructure>
                    </fareStructures>
                </FareFrame>
                <FareFrame>
                    <KeyList>
                        <KeyValue>
                            <Key>RoundingWrtCurrencyRule</Key>
                            <Value>0.01</Value>
                        </KeyValue>
                        <KeyValue>
                            <Key>CappingWrtCurrencyRule</Key>
                            <Value>100</Value>
                        </KeyValue>
                        <KeyValue>
                            <Key>EntranceRateWrtCurrency</Key>
                            <Value>0.90</Value>
                        </KeyValue>
                    </KeyList>
                    <FrameDefaults>
                        <DefaultCurrency>EUR</DefaultCurrency>
                    </FrameDefaults>
                    <contentValidityConditions>
                        <ValidityTrigger>
                            <ConditionedObjectRef ref="fs:1" nameOfRefClass="FareStructure" />
                            <TriggerObjectRef ref="nw:1" nameOfRefClass="Network" />
                            <WithConditionRef ref="vt:1" nameOfRefClass="ValidityTrigger" />
                        </ValidityTrigger>
                        <ValidityTrigger id="vt:1">
                            <ConditionedObjectRef ref="fs:1" nameOfRefClass="FareStructure" />
                            <TriggerObjectRef ref="syn:Line-T42" nameOfRefClass="Line" />
                        </ValidityTrigger>
                    </contentValidityConditions>
                    <fareStructures>
                        <FareStructure>
                            <KeyList>
                                <KeyValue>
                                    <Key>FareStructureType</Key>
                                    <Value>DistanceMatrix</Value>
                                </KeyValue>
                                <KeyValue>
                                    <Key>DistanceMatrixType</Key>
                                    <Value>AsymmetricalMatrix</Value>
                                </KeyValue>
                            </KeyList>
                            <distanceMatrixElements>
                                <DistanceMatrixElement id="mat:7" >
                                    <Distance>152</Distance>
                                    <StartStopPointRef ref="syn:sp:4" />
                                    <EndStopPointRef ref="syn:sp:5" />
                                </DistanceMatrixElement>
                            </distanceMatrixElements>
                        </FareStructure>
                    </fareStructures>
                </FareFrame>
            </frames>
        </CompositeFrame>
    </dataObjects>
</PublicationDelivery>
