<PublicationDelivery xmlns:xsd="http://www.w3.org/2001/XMLSchema" xmlns:xsi="http://www.w3.org/2001/XMLSchema-instance" version="29.0" xmlns="http://www.netex.org.uk/netex" >
    <PublicationTimestamp>2018-12-20T10:09:12.0Z</PublicationTimestamp>
    <ParticipantRef>nvt</ParticipantRef>
    <dataObjects>
        <CompositeFrame>
            <frames>
                <ResourceFrame>
                    <versions>
                        <Version>
                            <StartDate>2019-01-01T00:00:00.0Z</StartDate>
                            <EndDate>2019-12-31T00:00:00.0Z</EndDate>
                        </Version>
                    </versions>
                </ResourceFrame>
                <ServiceFrame>
                    <scheduledStopPoints>
                        <ScheduledStopPoint id="syn:sp:1" >
                            <projections>
                                <PointProjection>
                                    <ProjectedPointRef ref="sc:6"/>
                                </PointProjection>
                                <PointProjection>
                                    <ProjectedPointRef ref="sc:7"/>
                                </PointProjection>
                            </projections>
                        </ScheduledStopPoint>
                        <ScheduledStopPoint id="syn:sp:2" >
                            <projections>
                                <PointProjection>
                                    <ProjectedPointRef ref="sc:8"/>
                                </PointProjection>
                            </projections>
                        </ScheduledStopPoint>
                        <ScheduledStopPoint id="syn:sp:3" >
                            <projections>
                                <PointProjection>
                                    <ProjectedPointRef ref="sc:8"/>
                                </PointProjection>
                                <PointProjection>
                                    <ProjectedPointRef ref="sc:9"/>
                                </PointProjection>
                                <PointProjection>
                                    <ProjectedPointRef ref="sc:10"/>
                                </PointProjection>
                            </projections>
                        </ScheduledStopPoint>
                        <ScheduledStopPoint id="syn:sp:4" >
                            <projections>
                                <PointProjection>
                                    <ProjectedPointRef ref="sc:11"/>
                                </PointProjection>
                                <PointProjection>
                                    <ProjectedPointRef ref="sc:12"/>
                                </PointProjection>
                            </projections>
                        </ScheduledStopPoint>
                        <ScheduledStopPoint id="syn:sp:5" >
                            <projections>
                                <PointProjection>
                                    <ProjectedPointRef ref="sc:10"/>
                                </PointProjection>
                                <PointProjection>
                                    <ProjectedPointRef ref="sc:12"/>
                                </PointProjection>
                            </projections>
                        </ScheduledStopPoint>
                    </scheduledStopPoints>
                </ServiceFrame>
                <FareFrame>
                    <KeyList>
                        <KeyValue>
                            <Key>RoundingWrtCurrencyRule</Key>
                            <Value>1</Value>
                        </KeyValue>
                        <KeyValue>
                            <Key>CappingWrtCurrencyRule</Key>
                            <Value>500</Value>
                        </KeyValue>
                        <KeyValue>
                            <Key>EntranceRateWrtCurrency</Key>
                            <Value>0.50</Value>
                        </KeyValue>
                    </KeyList>
                    <FrameDefaults>
                        <DefaultCurrency>EUR</DefaultCurrency>
                    </FrameDefaults>
                    <fareStructures>
                        <FareStructure>
                            <KeyList>
                                <KeyValue>
                                    <Key>FareStructureType</Key>
                                    <Value>UnitPrice</Value>
                                </KeyValue>
                            </KeyList>
                            <geographicalIntervals>
                                <GeographicalInterval>
                                    <prices>
                                        <GeographicalIntervalPrice>
                                            <Amount>1.100</Amount>
                                            <Units>0.01</Units>
                                        </GeographicalIntervalPrice>
                                    </prices>
                                </GeographicalInterval>
                            </geographicalIntervals>
                        </FareStructure>
                    </fareStructures>
                </FareFrame>
                <FareFrame>
                    <KeyList>
                        <KeyValue>
                            <Key>RoundingWrtCurrencyRule</Key>
                            <Value>1</Value>
                        </KeyValue>
                        <KeyValue>
                            <Key>CappingWrtCurrencyRule</Key>
                            <Value>500</Value>
                        </KeyValue>
                        <KeyValue>
                            <Key>EntranceRateWrtCurrency</Key>
                            <Value>0.50</Value>
                        </KeyValue>
                    </KeyList>
                    <FrameDefaults>
                        <DefaultCurrency>EUR</DefaultCurrency>
                    </FrameDefaults>
                    <fareStructures>
                        <FareStructure>
                            <KeyList>
                                <KeyValue>
                                    <Key>FareStructureType</Key>
                                    <Value>DistanceMatrix</Value>
                                </KeyValue>
                                <KeyValue>
                                    <Key>DistanceMatrixType</Key>
                                    <Value>AsymmetricalMatrix</Value>
                                </KeyValue>
                            </KeyList>
                            <distanceMatrixElements>
                                <DistanceMatrixElement id="mat:11" >
                                    <Distance>50</Distance>
                                    <StartStopPointRef ref="syn:sp:4" />
                                    <EndStopPointRef ref="syn:sp:5" />
                                </DistanceMatrixElement>
                                <DistanceMatrixElement id="mat:12" >
                                    <Distance>70</Distance>
                                    <StartStopPointRef ref="syn:sp:3" />
                                    <EndStopPointRef ref="syn:sp:2" />
                                </DistanceMatrixElement>
                                <DistanceMatrixElement id="mat:13" >
                                    <Distance>230</Distance>
                                    <StartStopPointRef ref="syn:sp:1" />
                                    <EndStopPointRef ref="syn:sp:4" />
                                </DistanceMatrixElement>
                                <DistanceMatrixElement id="mat:14" >
                                    <Distance>0</Distance>
                                    <StartStopPointRef ref="syn:sp:2" />
                                    <EndStopPointRef ref="syn:sp:2" />
                                </DistanceMatrixElement>
                                <DistanceMatrixElement id="mat:15" >
                                    <Distance>120</Distance>
                                    <StartStopPointRef ref="syn:sp:3" />
                                    <EndStopPointRef ref="syn:sp:4" />
                                </DistanceMatrixElement>
                                <DistanceMatrixElement id="mat:16" >
                                    <Distance>280</Distance>
                                    <StartStopPointRef ref="syn:sp:1" />
                                    <EndStopPointRef ref="syn:sp:5" />
                                </DistanceMatrixElement>
                            </distanceMatrixElements>
                        </FareStructure>
                    </fareStructures>
                </FareFrame>
            </frames>
        </CompositeFrame>
    </dataObjects>
</PublicationDelivery>
