<PublicationDelivery xmlns:xsd="http://www.w3.org/2001/XMLSchema" xmlns:xsi="http://www.w3.org/2001/XMLSchema-instance"
                     version="30.0" xmlns="http://www.netex.org.uk/netex">
    <PublicationTimestamp>2018-12-20T10:09:12.0Z</PublicationTimestamp>
    <ParticipantRef>nvt</ParticipantRef>
    <dataObjects>
        <CompositeFrame>
            <frames>
                <ResourceFrame>
                    <versions>
                        <Version>
                            <StartDate>2019-01-01T00:00:00.0Z</StartDate>
                            <EndDate>2019-12-31T00:00:00.0Z</EndDate>
                        </Version>
                    </versions>
                </ResourceFrame>
                <ServiceFrame>
                    <Network id="nw:1">
                        <groupsOfLines>
                            <GroupOfLines>
                                <members>
                                    <LineRef ref="syn:Line-B42" />
                                    <LineRef ref="syn:Line-T42" />
                                </members>
                            </GroupOfLines>
                        </groupsOfLines>
                    </Network>
                    <lines>
                        <Line id="syn:Line-B42" >
                            <KeyList>
                                <KeyValue>
                                    <Key>KV1PlanningLijnNummer</Key>
                                    <Value>B42</Value>
                                </KeyValue>
                            </KeyList>
                        </Line>
                        <Line id="syn:Line-T42" >
                            <KeyList>
                                <KeyValue>
                                    <Key>KV1PlanningLijnNummer</Key>
                                    <Value>T42</Value>
                                </KeyValue>
                            </KeyList>
                        </Line>
                    </lines>
                    <scheduledStopPoints>
                        <ScheduledStopPoint id="syn:sp:both:not:found">
                            <projections>
                                <PointProjection>
                                    <ProjectedPointRef ref="sp:42"/>
                                </PointProjection>
                                <PointProjection>
                                    <ProjectedPointRef ref="sp:43"/>
                                </PointProjection>
                            </projections>
                        </ScheduledStopPoint>
                        <ScheduledStopPoint id="syn:sp:only:not:found">
                            <projections>
                                <PointProjection>
                                    <ProjectedPointRef ref="sp:42"/>
                                </PointProjection>
                            </projections>
                        </ScheduledStopPoint>
                        <ScheduledStopPoint id="syn:sp:partially:found">
                            <projections>
                                <PointProjection>
                                    <ProjectedPointRef ref="sp:3"/>
                                </PointProjection>
                                <PointProjection>
                                    <ProjectedPointRef ref="sp:42"/>
                                </PointProjection>
                            </projections>
                        </ScheduledStopPoint>
                        <ScheduledStopPoint id="syn:sp:3">
                            <projections>
                                <PointProjection>
                                    <ProjectedPointRef ref="sp:4"/>
                                </PointProjection>
                                <PointProjection>
                                    <ProjectedPointRef ref="sp:5"/>
                                </PointProjection>
                            </projections>
                        </ScheduledStopPoint>
                        <ScheduledStopPoint id="syn:sp:4">
                            <projections>
                                <PointProjection>
                                    <ProjectedPointRef ref="sp:6"/>
                                </PointProjection>
                                <PointProjection>
                                    <ProjectedPointRef ref="sp:7"/>
                                </PointProjection>
                            </projections>
                        </ScheduledStopPoint>
                        <ScheduledStopPoint id="syn:sp:5">
                            <projections>
                                <PointProjection>
                                    <ProjectedPointRef ref="sp:8"/>
                                </PointProjection>
                                <PointProjection>
                                    <ProjectedPointRef ref="sp:9"/>
                                </PointProjection>
                            </projections>
                        </ScheduledStopPoint>
                        <ScheduledStopPoint id="syn:sp:different:stop:area">
                            <projections>
                                <PointProjection>
                                    <ProjectedPointRef ref="sp:10"/>
                                </PointProjection>
                                <PointProjection>
                                    <ProjectedPointRef ref="sp:11"/>
                                </PointProjection>
                            </projections>
                        </ScheduledStopPoint>
                    </scheduledStopPoints>
                </ServiceFrame>
                <FareFrame>
                    <KeyList>
                        <KeyValue>
                            <Key>RoundingWrtCurrencyRule</Key>
                            <Value>1</Value>
                        </KeyValue>
                        <KeyValue>
                            <Key>CappingWrtCurrencyRule</Key>
                            <Value>500</Value>
                        </KeyValue>
                        <KeyValue>
                            <Key>EntranceRateWrtCurrency</Key>
                            <Value>0.50</Value>
                        </KeyValue>
                    </KeyList>
                    <FrameDefaults>
                        <DefaultCurrency>EUR</DefaultCurrency>
                    </FrameDefaults>
                    <fareStructures>
                        <FareStructure>
                            <KeyList>
                                <KeyValue>
                                    <Key>FareStructureType</Key>
                                    <Value>UnitPrice</Value>
                                </KeyValue>
                            </KeyList>
                            <geographicalIntervals>
                                <GeographicalInterval>
                                    <prices>
                                        <GeographicalIntervalPrice>
                                            <Amount>1.100</Amount>
                                            <Units>0.01</Units>
                                        </GeographicalIntervalPrice>
                                    </prices>
                                </GeographicalInterval>
                            </geographicalIntervals>
                        </FareStructure>
                    </fareStructures>
                </FareFrame>
                <FareFrame>
                    <KeyList>
                        <KeyValue>
                            <Key>RoundingWrtCurrencyRule</Key>
                            <Value>1</Value>
                        </KeyValue>
                        <KeyValue>
                            <Key>CappingWrtCurrencyRule</Key>
                            <Value>500</Value>
                        </KeyValue>
                        <KeyValue>
                            <Key>EntranceRateWrtCurrency</Key>
                            <Value>0.50</Value>
                        </KeyValue>
                    </KeyList>
                    <FrameDefaults>
                        <DefaultCurrency>EUR</DefaultCurrency>
                    </FrameDefaults>
                    <contentValidityConditions>
                        <ValidityTrigger>
                            <ConditionedObjectRef ref="fs:1" nameOfRefClass="FareStructure" />
                            <TriggerObjectRef ref="nw:1" nameOfRefClass="Network" />
                            <WithConditionRef ref="vt:1" nameOfRefClass="ValidityTrigger" />
                        </ValidityTrigger>
                        <ValidityTrigger id="vt:1">
                            <ConditionedObjectRef ref="fs:1" nameOfRefClass="FareStructure" />
                            <TriggerObjectRef ref="syn:Line-B42" nameOfRefClass="Line" />
                        </ValidityTrigger>
                    </contentValidityConditions>
                    <fareStructures>
                        <FareStructure>
                            <KeyList>
                                <KeyValue>
                                    <Key>FareStructureType</Key>
                                    <Value>DistanceMatrix</Value>
                                </KeyValue>
                                <KeyValue>
                                    <Key>DistanceMatrixType</Key>
                                    <Value>AsymmetricalMatrix</Value>
                                </KeyValue>
                            </KeyList>
                            <distanceMatrixElements>
                                <DistanceMatrixElement id="mat:11">
                                    <Distance>50</Distance>
                                    <StartStopPointRef ref="syn:sp:4"/>
                                    <EndStopPointRef ref="syn:sp:different:stop:area"/>
                                </DistanceMatrixElement>
                                <DistanceMatrixElement id="mat:12">
                                    <Distance>70</Distance>
                                    <StartStopPointRef ref="syn:sp:3"/>
                                    <EndStopPointRef ref="syn:sp:only:not:found"/>
                                </DistanceMatrixElement>
                                <DistanceMatrixElement id="mat:13">
                                    <Distance>230</Distance>
                                    <StartStopPointRef ref="syn:sp:both:not:found"/>
                                    <EndStopPointRef ref="syn:sp:4"/>
                                </DistanceMatrixElement>
                                <DistanceMatrixElement id="mat:14">
                                    <Distance>0</Distance>
                                    <StartStopPointRef ref="syn:sp:only:not:found"/>
                                    <EndStopPointRef ref="syn:sp:only:not:found"/>
                                </DistanceMatrixElement>
                                <DistanceMatrixElement id="mat:15">
                                    <Distance>120</Distance>
                                    <StartStopPointRef ref="syn:sp:4"/>
                                    <EndStopPointRef ref="syn:sp:partially:found"/>
                                </DistanceMatrixElement>
                                <DistanceMatrixElement id="mat:16">
                                    <Distance>120</Distance>
                                    <StartStopPointRef ref="syn:sp:partially:found"/>
                                    <EndStopPointRef ref="syn:sp:4"/>
                                </DistanceMatrixElement>
                                <DistanceMatrixElement id="mat:17">
                                    <Distance>280</Distance>
                                    <StartStopPointRef ref="syn:sp:both:not:found"/>
                                    <EndStopPointRef ref="syn:sp:different:stop:area"/>
                                </DistanceMatrixElement>
                            </distanceMatrixElements>
                        </FareStructure>
                    </fareStructures>
                </FareFrame>
                <FareFrame>
                    <KeyList>
                        <KeyValue>
                            <Key>RoundingWrtCurrencyRule</Key>
                            <Value>0.01</Value>
                        </KeyValue>
                        <KeyValue>
                            <Key>CappingWrtCurrencyRule</Key>
                            <Value>100</Value>
                        </KeyValue>
                        <KeyValue>
                            <Key>EntranceRateWrtCurrency</Key>
                            <Value>0.90</Value>
                        </KeyValue>
                    </KeyList>
                    <FrameDefaults>
                        <DefaultCurrency>EUR</DefaultCurrency>
                    </FrameDefaults>
                    <contentValidityConditions>
                        <ValidityTrigger>
                            <ConditionedObjectRef ref="fs:1" nameOfRefClass="FareStructure" />
                            <TriggerObjectRef ref="nw:1" nameOfRefClass="Network" />
                            <WithConditionRef ref="vt:1" nameOfRefClass="ValidityTrigger" />
                        </ValidityTrigger>
                        <ValidityTrigger id="vt:1">
                            <ConditionedObjectRef ref="fs:1" nameOfRefClass="FareStructure" />
                            <TriggerObjectRef ref="syn:Line-T42" nameOfRefClass="Line" />
                        </ValidityTrigger>
                    </contentValidityConditions>
                    <fareStructures>
                        <FareStructure>
                            <KeyList>
                                <KeyValue>
                                    <Key>FareStructureType</Key>
                                    <Value>DirectPriceMatrix</Value>
                                </KeyValue>
                                <KeyValue>
                                    <Key>DistanceMatrixType</Key>
                                    <Value>AsymmetricalMatrix</Value>
                                </KeyValue>
                            </KeyList>
                            <distanceMatrixElements>
                                <DistanceMatrixElement id="mat:21">
                                    <StartStopPointRef ref="syn:sp:3"/>
                                    <EndStopPointRef ref="syn:sp:4"/>
                                    <prices>
                                        <DistanceMatrixElementPrice>
                                            <Amount>42</Amount>
                                            <Units>0.5</Units>
                                        </DistanceMatrixElementPrice>
                                    </prices>
                                </DistanceMatrixElement>
                                <DistanceMatrixElement id="mat:22">
                                    <StartStopPointRef ref="syn:sp:5"/>
                                    <EndStopPointRef ref="syn:sp:3"/>
                                    <prices>
                                        <DistanceMatrixElementPrice>
                                            <Amount>123</Amount>
                                            <Units>0.01</Units>
                                        </DistanceMatrixElementPrice>
                                    </prices>
                                </DistanceMatrixElement>
                            </distanceMatrixElements>
                        </FareStructure>
                    </fareStructures>
                </FareFrame>
            </frames>
        </CompositeFrame>
    </dataObjects>
</PublicationDelivery>
