<PublicationDelivery xmlns:xsd="http://www.w3.org/2001/XMLSchema" xmlns:xsi="http://www.w3.org/2001/XMLSchema-instance" version="29.0" xmlns="http://www.netex.org.uk/netex" >
    <PublicationTimestamp>2018-12-20T10:09:12.0Z</PublicationTimestamp>
    <ParticipantRef>nvt</ParticipantRef>
    <dataObjects>
        <CompositeFrame>
            <frames>
                <ResourceFrame>
                    <versions>
                        <Version>
                            <StartDate>2019-01-01T00:00:00.0Z</StartDate>
                            <EndDate>2019-12-31T00:00:00.0Z</EndDate>
                        </Version>
                    </versions>
                </ResourceFrame>
                <ServiceFrame>
                    <scheduledStopPoints>
                        <ScheduledStopPoint id="syn:sp:1" >
                            <projections>
                                <PointProjection>
                                    <ProjectedPointRef ref="sc:1"/>
                                </PointProjection>
                                <PointProjection>
                                    <ProjectedPointRef ref="sc:2"/>
                                </PointProjection>
                            </projections>
                        </ScheduledStopPoint>
                    </scheduledStopPoints>
                </ServiceFrame>
                <FareFrame>
                    <KeyList>
                        <KeyValue>
                            <Key>RoundingWrtCurrencyRule</Key>
                            <Value>0.01</Value>
                        </KeyValue>
                        <KeyValue>
                            <Key>CappingWrtCurrencyRule</Key>
                            <Value>100</Value>
                        </KeyValue>
                        <KeyValue>
                            <Key>EntranceRateWrtCurrency</Key>
                            <Value>0.90</Value>
                        </KeyValue>
                    </KeyList>
                    <FrameDefaults>
                        <DefaultCurrency>EUR</DefaultCurrency>
                    </FrameDefaults>
                    <fareStructures>
                        <FareStructure>
                            <KeyList>
                                <KeyValue>
                                    <Key>FareStructureType</Key>
                                    <Value>UnitPrice</Value>
                                </KeyValue>
                            </KeyList>
                            <geographicalIntervals>
                                <GeographicalInterval>
                                    <prices>
                                        <GeographicalIntervalPrice>
                                            <Amount>1.500</Amount>
                                            <Units>0.08</Units>
                                        </GeographicalIntervalPrice>
                                    </prices>
                                </GeographicalInterval>
                            </geographicalIntervals>
                        </FareStructure>
                    </fareStructures>
                </FareFrame>
                <FareFrame>
                    <KeyList>
                        <KeyValue>
                            <Key>RoundingWrtCurrencyRule</Key>
                            <Value>0.05</Value>
                        </KeyValue>
                        <KeyValue>
                            <Key>CappingWrtCurrencyRule</Key>
                            <Value>50</Value>
                        </KeyValue>
                        <KeyValue>
                            <Key>EntranceRateWrtCurrency</Key>
                            <Value>1.90</Value>
                        </KeyValue>
                    </KeyList>
                    <FrameDefaults>
                        <DefaultCurrency>EUR</DefaultCurrency>
                    </FrameDefaults>
                    <fareStructures>
                        <FareStructure>
                            <KeyList>
                                <KeyValue>
                                    <Key>FareStructureType</Key>
                                    <Value>UnitPrice</Value>
                                </KeyValue>
                            </KeyList>
                            <geographicalIntervals>
                                <GeographicalInterval>
                                    <prices>
                                        <GeographicalIntervalPrice>
                                            <Amount>2.500</Amount>
                                            <Units>0.03</Units>
                                        </GeographicalIntervalPrice>
                                    </prices>
                                </GeographicalInterval>
                            </geographicalIntervals>
                        </FareStructure>
                    </fareStructures>
                </FareFrame>
                <FareFrame>
                    <KeyList>
                        <KeyValue>
                            <Key>RoundingWrtCurrencyRule</Key>
                            <Value>0.01</Value>
                        </KeyValue>
                        <KeyValue>
                            <Key>CappingWrtCurrencyRule</Key>
                            <Value>100</Value>
                        </KeyValue>
                        <KeyValue>
                            <Key>EntranceRateWrtCurrency</Key>
                            <Value>0.90</Value>
                        </KeyValue>
                    </KeyList>
                    <FrameDefaults>
                        <DefaultCurrency>EUR</DefaultCurrency>
                    </FrameDefaults>
                    <fareStructures>
                        <FareStructure>
                            <KeyList>
                                <KeyValue>
                                    <Key>FareStructureType</Key>
                                    <Value>DistanceMatrix</Value>
                                </KeyValue>
                                <KeyValue>
                                    <Key>DistanceMatrixType</Key>
                                    <Value>AsymmetricalMatrix</Value>
                                </KeyValue>
                            </KeyList>
                            <distanceMatrixElements>
                                <DistanceMatrixElement id="mat:1" >
                                    <Distance>0</Distance>
                                    <StartStopPointRef ref="syn:sp:1" />
                                    <EndStopPointRef ref="syn:sp:1" />
                                </DistanceMatrixElement>
                            </distanceMatrixElements>
                        </FareStructure>
                    </fareStructures>
                </FareFrame>
            </frames>
        </CompositeFrame>
    </dataObjects>
</PublicationDelivery>
